filename,geoReg,ALV,MoranI,ALV_norm,MoranI_norm,Global_Score
s-9_n-18_cn-8_cm-1.geojson,1,0.000793579864375547,0.6545119268197674,0.483956920020093,0.2090180146329046,0.6929749346529976
s-11_n-22_cn-8_cm-1.geojson,1,0.0009094326843489117,0.641691350275011,0.6039488993787481,0.11516788822203088,0.7191167876007789
s-11_n-22_cn-8_cm-2.geojson,1,0.0009466373257273322,0.6375015368518036,0.6424827784966838,0.08449730815620549,0.7269800866528893
s-9_n-18_cn-8_cm-2.geojson,1,0.0008231235891332258,0.6573346562354019,0.5145561752830741,0.2296811659004139,0.7442373411834879
s-9_n-18_cn-8_cm-3.geojson,1,0.000882502523083537,0.6501948548677224,0.5760565843239828,0.17741586733400103,0.7534724516579838
s-12_n-24_cn-8_cm-3.geojson,1,0.001018825403197833,0.6321428597668495,0.7172499728021206,0.045270326431761765,0.7625202992338823
s-7_n-14_cn-8_cm-1.geojson,1,0.0006417285496296901,0.6875014131597152,0.3266803010413006,0.4505100764310281,0.7771903774723287
s-9_n-18_cn-4_cm-1.geojson,1,0.0008620026777960079,0.6585975921801716,0.5548243259019405,0.23892620239714982,0.7937505282990903
s-10_n-20_cn-8_cm-1.geojson,1,0.0008820098777007755,0.65585954890404,0.575546337835265,0.21888297683031757,0.7944293146655825
s-11_n-22_cn-8_cm-3.geojson,1,0.0009721668161383736,0.6434024961133773,0.6689243798935505,0.12769394371395787,0.7966183236075084
s-11_n-22_cn-4_cm-1.geojson,1,0.0010082043167696378,0.6388847934830952,0.7062494189636253,0.09462312498294558,0.8008725439465708
s-12_n-24_cn-4_cm-3.geojson,1,0.0010768885927448348,0.6303065421593972,0.7773876288662828,0.031827979358813936,0.8092156082250967
s-11_n-22_cn-4_cm-3.geojson,1,0.001034370739388991,0.6364600615939612,0.7333507087168926,0.07687342445167113,0.8102241331685637
s-8_n-16_cn-8_cm-2.geojson,1,0.0007762932954930263,0.6731067757554329,0.4660527411057577,0.34513739406261146,0.8111901351683691
s-8_n-16_cn-8_cm-1.geojson,1,0.0007321596569128758,0.6793930470620887,0.42034230737829836,0.39115461916345856,0.8114969265417569
s-12_n-24_cn-8_cm-2.geojson,1,0.000990795986451514,0.6428789740093691,0.688219128352821,0.12386161874257036,0.8120807470953914
s-9_n-18_cn-4_cm-2.geojson,1,0.000879008104427192,0.6595571102642543,0.5724373179877896,0.24595013717655095,0.8183874551643406
s-13_n-26_cn-8_cm-1.geojson,1,0.0010215510689476073,0.6410069788407805,0.7200730204280712,0.11015810216519456,0.8302311225932657
s-5_n-10_cn-8_cm-1.geojson,1,0.00048151838961346693,0.7176736716856206,0.1607461941448677,0.6713792601898442,0.8321254543347119
s-12_n-24_cn-4_cm-4.geojson,1,0.0011052464347774825,0.6296128099004122,0.8067586324950229,0.026749669504826382,0.8335083019998493
s-6_n-12_cn-8_cm-1.geojson,1,0.000578553333476033,0.704431300240645,0.26124797721499227,0.5744414797591352,0.8356894569741274
s-13_n-26_cn-8_cm-3.geojson,1,0.001058733463084494,0.6365668173849568,0.7585838574608206,0.07765490603676639,0.836238763497587
s-13_n-26_cn-8_cm-2.geojson,1,0.0010383294070221082,0.6395707835513729,0.7374508105964152,0.09964475988366232,0.8370955704800774
s-10_n-20_cn-8_cm-2.geojson,1,0.0008975993087872804,0.6604203201434393,0.5916927440563232,0.2522690695582432,0.8439618136145663
s-12_n-24_cn-8_cm-4.geojson,1,0.0010637148988803192,0.6370778815249065,0.7637432686976514,0.08139603530430803,0.8451393040019595
s-11_n-22_cn-4_cm-2.geojson,1,0.0010134964685612157,0.6445902330910073,0.7117306473763982,0.13638850320621662,0.8481191505826149
s-11_n-22_cn-8_cm-4.geojson,1,0.0010248441553035968,0.6431088221754262,0.7234837613159064,0.1255441701757653,0.8490279314916718
s-13_n-26_cn-4_cm-3.geojson,1,0.0011129345580902093,0.6307911250935561,0.8147214350755695,0.03537525895802686,0.8500966940335963
s-9_n-18_cn-4_cm-3.geojson,1,0.0009146084049953227,0.6599277890218015,0.609309536824717,0.24866360705305615,0.8579731438777731
s-7_n-14_cn-8_cm-2.geojson,1,0.0007016970049395205,0.6907579886288,0.38879129370735693,0.4743490994557107,0.8631403931630677
s-12_n-24_cn-8_cm-5.geojson,1,0.0011166300490887203,0.6325230022360692,0.8185489576142126,0.04805307326579562,0.8666020308800083
s-12_n-24_cn-4_cm-1.geojson,1,0.0010442320143415078,0.6434163707817404,0.7435643047331524,0.12779551008074655,0.8713598148138989
s-10_n-20_cn-8_cm-3.geojson,1,0.0009479665791265994,0.6571033764542589,0.6438595231152779,0.2279881346532795,0.8718476577685574
s-10_n-20_cn-4_cm-2.geojson,1,0.0009555844347142647,0.6564361971707227,0.651749547463779,0.22310419984114355,0.8748537473049225
s-9_n-18_cn-8_cm-4.geojson,1,0.0009465046276191096,0.6580006156698801,0.6423453393850037,0.23455617108384752,0.8769015104688512
s-12_n-24_cn-4_cm-2.geojson,1,0.0010478623922227522,0.6441151877373155,0.74732438781003,0.13291104130430953,0.8802354291143395
s-12_n-24_cn-8_cm-1.geojson,1,0.0009645598357121922,0.6562437091439453,0.6610456192514711,0.22169513484452857,0.8827407540959997
s-13_n-26_cn-8_cm-5.geojson,1,0.0011273081892274942,0.6332331211056452,0.829608603563402,0.05325133759063344,0.8828599411540354
s-5_n-10_cn-4_cm-1.geojson,1,0.0005143708531036546,0.7203646195860394,0.1947724018962359,0.6910777347270654,0.8858501366233013
s-13_n-26_cn-4_cm-4.geojson,1,0.001132951476530803,0.6328995061354413,0.8354535127660375,0.05080918477348877,0.8862626975395262
s-10_n-20_cn-4_cm-3.geojson,1,0.0009900709577216316,0.6531775529697178,0.6874681959852663,0.19925003313305995,0.8867182291183262
s-6_n-12_cn-4_cm-1.geojson,1,0.0006238214337498171,0.7053833963856576,0.3081334043880748,0.5814110839148298,0.8895444883029046
s-6_n-12_cn-8_cm-2.geojson,1,0.000658210726810023,0.7007003172220648,0.3437513491561664,0.547129663733686,0.8908810128898523
s-11_n-22_cn-4_cm-4.geojson,1,0.0010703549562218163,0.6425461489550252,0.7706205602788523,0.12142524832554248,0.8920458086043948
s-13_n-26_cn-4_cm-5.geojson,1,0.0011635130152758183,0.6299309408492579,0.8671069462094678,0.029078475051140994,0.8961854212606088
s-4_n-8_cn-8_cm-1.geojson,1,0.0004012336829073496,0.7381279258054471,0.0775930963427519,0.8211099940678751,0.898703090410627
s-10_n-20_cn-4_cm-1.geojson,1,0.0009407772471905587,0.6625416670670081,0.6364133325998442,0.26779790917346913,0.9042112417733134
s-13_n-26_cn-4_cm-2.geojson,1,0.001089365081787587,0.642059248173565,0.7903098746608228,0.11786100145021135,0.9081708761110342
s-8_n-16_cn-4_cm-1.geojson,1,0.0007934570970881073,0.6841574128049074,0.4838297665349748,0.42603107933435835,0.9098608458693331
s-8_n-16_cn-8_cm-3.geojson,1,0.0008415288098934108,0.6780530502887145,0.533618972978075,0.3813454763271512,0.9149644493052262
s-13_n-26_cn-4_cm-6.geojson,1,0.001206605239386688,0.6266745607432666,0.9117387580826599,0.005240882137728697,0.9169796402203886
s-7_n-14_cn-4_cm-1.geojson,1,0.0006958581936533766,0.6991103550650895,0.3827438748919398,0.5354907059302108,0.9182345808221506
s-11_n-22_cn-8_cm-5.geojson,1,0.0010792475879132404,0.6452916003771388,0.7798309055998105,0.1415227035469042,0.9213536091467147
s-8_n-16_cn-4_cm-2.geojson,1,0.0008165427238331638,0.682497917419094,0.5077401905411518,0.4138831192802107,0.9216233098213625
s-10_n-20_cn-8_cm-4.geojson,1,0.0010048630023840783,0.6559021798158129,0.7027887269677376,0.21919504676297094,0.9219837737307086
s-9_n-18_cn-4_cm-4.geojson,1,0.0009649113275415592,0.6617316074316069,0.6614096690893935,0.2618680511115204,0.9232777202009139
s-12_n-24_cn-4_cm-5.geojson,1,0.0011432748013924915,0.6366099724708005,0.8461456666903115,0.07797081306696649,0.9241164797572781
s-13_n-26_cn-8_cm-4.geojson,1,0.0010907256656728305,0.6441404531444072,0.7917190691328382,0.1330959909936702,0.9248150601265084
s-7_n-14_cn-4_cm-2.geojson,1,0.0007319133961060536,0.695759890243342,0.42008724822949345,0.5109643871676748,0.9310516353971683
s-13_n-26_cn-8_cm-6.geojson,1,0.001181230891341109,0.6341790595886745,0.8854578419372916,0.06017586597664551,0.9456337079139371
s-10_n-20_cn-4_cm-4.geojson,1,0.0010235266826407914,0.6567432378839994,0.7221192183328587,0.22535182183019428,0.9474710401630531
s-4_n-8_cn-4_cm-1.geojson,1,0.00042907694278124085,0.7408631583009458,0.10643113295535862,0.8411326439517979,0.9475637769071565
s-13_n-26_cn-8_cm-7.geojson,1,0.0012184016683137351,0.6293163584620284,0.9239566467507607,0.024579563903889916,0.9485362106546507
s-6_n-12_cn-4_cm-2.geojson,1,0.0006778342636183635,0.7061550177168296,0.36407599057785606,0.5870595630779171,0.9511355536557731
s-13_n-26_cn-4_cm-1.geojson,1,0.0010896796254889214,0.6478943805154748,0.7906356562976149,0.1605757659540269,0.9512114222516418
s-3_n-6_cn-8_cm-1.geojson,1,0.00032631718373948783,0.7559510626743443,0.0,0.951580230125117,0.951580230125117
s-5_n-10_cn-8_cm-2.geojson,1,0.0005802831100839521,0.720688261393448,0.26303955483114544,0.693446881265141,0.9564864360962864
s-7_n-14_cn-8_cm-3.geojson,1,0.0007837622492599052,0.6946785876167823,0.4737885437079915,0.5030489562323521,0.9768374999403436
s-8_n-16_cn-4_cm-3.geojson,1,0.0008680645036895108,0.6828476135526735,0.5611027271325381,0.416442990611056,0.977545717743594
s-8_n-16_cn-8_cm-4.geojson,1,0.000920906347109272,0.6753712579377575,0.6158324901746031,0.3617140229158015,0.9775465130904046
s-12_n-24_cn-4_cm-6.geojson,1,0.0011868597457113262,0.6379500378290457,0.8912878025507603,0.08778045796328578,0.9790682605140462
s-13_n-26_cn-8_cm-8.geojson,1,0.0012744117275079664,0.6264685927571466,0.9819678187555199,0.0037331401522986327,0.9857009589078185
s-13_n-26_cn-4_cm-7.geojson,1,0.001241254851340636,0.6313540800888899,0.9476263223501454,0.039496243477816315,0.9871225658279618
s-10_n-20_cn-8_cm-5.geojson,1,0.0010621092308380387,0.6576212496820051,0.7620802337656535,0.23177910830560464,0.9938593420712581
s-12_n-24_cn-8_cm-6.geojson,1,0.0011662040816262937,0.6430190829731306,0.8698941582777908,0.12488725467356054,0.9947814129513514
s-6_n-12_cn-8_cm-3.geojson,1,0.0007434468388266101,0.7029204804256137,0.43203275478839653,0.5633818655421182,0.9954146203305148
s-8_n-16_cn-4_cm-4.geojson,1,0.0009320982859652976,0.6764886319264285,0.627424291707827,0.36989350608638333,0.9973177977942103
s-9_n-18_cn-4_cm-5.geojson,1,0.0010102633083499612,0.6654503977013753,0.7083819736589931,0.2890906128812588,0.997472586540252
s-3_n-6_cn-4_cm-1.geojson,1,0.0003496832469926487,0.7591753046309966,0.02420087987682051,0.9751825629963964,0.9993834428732169
s-13_n-26_cn-4_cm-8.geojson,1,0.0012918218832417892,0.6259586199856096,1.0,0.0,1.0
s-11_n-22_cn-8_cm-6.geojson,1,0.0011429377528940072,0.6473168594919768,0.8457965762108368,0.1563481541246363,1.0021447303354731
s-11_n-22_cn-4_cm-5.geojson,1,0.0011056740066775032,0.6535161870286907,0.8072014805725528,0.20172892705258777,1.0089304076251406
s-5_n-10_cn-4_cm-2.geojson,1,0.0005936038836360899,0.7261326997605116,0.2768362495121806,0.7333016590281672,1.010137908540348
s-11_n-22_cn-4_cm-6.geojson,1,0.0011561002875013057,0.6470942737380244,0.859429378427215,0.15471876553413363,1.0141481439613487
s-6_n-12_cn-4_cm-3.geojson,1,0.000747842865807224,0.7063467849451803,0.4365858418762998,0.5884633516329283,1.025049193509228
s-7_n-14_cn-4_cm-3.geojson,1,0.0008011818494886215,0.6989775241787286,0.49183050687781943,0.5345183475161632,1.0263488543939827
s-4_n-8_cn-8_cm-2.geojson,1,0.0004928352685531126,0.7427150448063382,0.1724673995884863,0.8546889596153667,1.027156359203853
s-9_n-18_cn-8_cm-5.geojson,1,0.0010057124651347386,0.6704086473158207,0.7036685391023634,0.3253863560147992,1.0290548951171625
s-10_n-20_cn-4_cm-5.geojson,1,0.0010783034648686107,0.6612681775137046,0.7788530511728808,0.25847561737612046,1.0373286685490013
s-12_n-24_cn-8_cm-7.geojson,1,0.0012177356934881221,0.6416646003046408,0.9232668781499903,0.11497207112348087,1.0382389492734712
s-11_n-22_cn-8_cm-7.geojson,1,0.0011969730337862802,0.6456413592277408,0.9017624155486745,0.1440830339835054,1.0458454495321798
s-3_n-6_cn-8_cm-2.geojson,1,0.00039307946735487323,0.7595147739927254,0.0691475491002789,0.9776675715605313,1.0468151206608103
s-7_n-14_cn-8_cm-4.geojson,1,0.0008612623160665447,0.6955780061261723,0.5540575127213886,0.5096329456892893,1.0636904584106779
s-4_n-8_cn-4_cm-2.geojson,1,0.0005110050399614409,0.7457834039430437,0.19128633585849555,0.8771501876146287,1.0684365234731243
s-10_n-20_cn-8_cm-6.geojson,1,0.0011226340619092416,0.6592584435111515,0.8247674802414109,0.2437638148660389,1.0685312951074497
s-8_n-16_cn-4_cm-5.geojson,1,0.000995898984720908,0.6777571356617975,0.6935044452156228,0.3791793003329563,1.0726837455485791
s-5_n-10_cn-8_cm-3.geojson,1,0.000667105329040857,0.7245300017815168,0.3529637354194534,0.7215694715245846,1.074533206944038
s-8_n-16_cn-8_cm-5.geojson,1,0.000992422165293151,0.6786430285203678,0.6899034068886741,0.38566427832697014,1.0755676852156442
s-9_n-18_cn-4_cm-6.geojson,1,0.0010775794029452628,0.6669337358909312,0.7781031201536728,0.29994905408426675,1.0780521742379396
s-11_n-22_cn-4_cm-7.geojson,1,0.0012073013715770298,0.6492622211871353,0.9124597615026337,0.17058873374039196,1.0830484952430257
s-12_n-24_cn-4_cm-7.geojson,1,0.001229846165550466,0.646081966876115,0.9358100300047525,0.14730840246464644,1.083118432469399
s-9_n-18_cn-8_cm-6.geojson,1,0.0010783020727770812,0.6675872414865135,0.7788516093450676,0.30473289376117246,1.08358450310624
s-3_n-6_cn-4_cm-2.geojson,1,0.000412683469383889,0.7623121645606261,0.08945195780913474,0.9981452355330962,1.087597193342231
s-7_n-14_cn-4_cm-4.geojson,1,0.0008708726794520661,0.6978885321707715,0.5640112326675218,0.5265466282061604,1.0905578608736821
s-3_n-6_cn-8_cm-3.geojson,1,0.0004327689873819511,0.7603335592060385,0.11025508596419785,0.9836613032390197,1.0939163892032175
s-5_n-10_cn-4_cm-3.geojson,1,0.000673204216832827,0.7263694488830742,0.35928052268637595,0.7350347273502191,1.0943152500365951
s-10_n-20_cn-4_cm-6.geojson,1,0.0011277055967510627,0.6634006976225035,0.8300202095594924,0.27408624776281443,1.104106457322307
s-4_n-8_cn-8_cm-3.geojson,1,0.0005537647655753763,0.7451865252994141,0.23557376981503375,0.8727808727120555,1.1083546425270892
s-3_n-6_cn-4_cm-3.geojson,1,0.00044880797475956594,0.7619398260472225,0.1268671101064756,0.9954196157898209,1.1222867258962965
s-3_n-6_cn-8_cm-4.geojson,1,0.0004557941179559197,0.7609605558491734,0.13410285240783879,0.9882510901344829,1.1223539425423217
s-3_n-6_cn-8_cm-5.geojson,1,0.00047073849533920683,0.7603199199736899,0.1495811586149351,0.9835614603282427,1.1331426189431777
s-12_n-24_cn-8_cm-8.geojson,1,0.0012714810838812787,0.6470531960908168,0.9789324698564432,0.15441806592287682,1.13335053577932
s-11_n-22_cn-8_cm-8.geojson,1,0.0012486838212751406,0.6505209177990261,0.9553207125880532,0.17980273716110443,1.1351234497491576
s-3_n-6_cn-8_cm-7.geojson,1,0.00047697804992638147,0.7599544701208975,0.15604363838369337,0.9808862674645152,1.1369299058482085
s-3_n-6_cn-8_cm-6.geojson,1,0.0004753281180726257,0.7602316633066881,0.15433475819428952,0.9829153973898248,1.1372501555841144
s-3_n-6_cn-8_cm-8.geojson,1,0.0004783099759478832,0.7598421020494368,0.1574231511112734,0.9800637024515994,1.1374868535628728
s-10_n-20_cn-8_cm-7.geojson,1,0.0011879555747395646,0.6601320599539794,0.8924227830731786,0.25015892613952917,1.1425817092127077
s-6_n-12_cn-4_cm-4.geojson,1,0.0008276871642774223,0.7114610816438205,0.519282796651721,0.6259014020977026,1.1451841987494236
s-3_n-6_cn-4_cm-4.geojson,1,0.000471036910430398,0.7625313563315348,0.14989023540280055,0.9997497792395503,1.1496400146423509
s-6_n-12_cn-8_cm-4.geojson,1,0.0008245422884124357,0.7131863039485274,0.5160255614807189,0.6385305011728005,1.1545560626535194
s-3_n-6_cn-4_cm-5.geojson,1,0.00048199619359031077,0.7621227227889037,0.16124106897778168,0.9967584699565574,1.1579995389343392
s-12_n-24_cn-4_cm-8.geojson,1,0.001286243536515231,0.6488581886979451,0.9942223515541314,0.16763110542685813,1.1618534569809895
s-3_n-6_cn-4_cm-8.geojson,1,0.0004866839749674854,0.762060894700312,0.1660963341873566,0.9963058714396487,1.1624022056270054
s-3_n-6_cn-4_cm-6.geojson,1,0.00048405423591527656,0.7625655382184977,0.1633726405030437,1.0,1.1633726405030438
s-3_n-6_cn-4_cm-7.geojson,1,0.00048535806377691346,0.7625287274000387,0.16472305118701966,0.999730534742053,1.1644535859290726
s-4_n-8_cn-4_cm-3.geojson,1,0.0005766619483245304,0.7496691016077668,0.25928901714729125,0.9055945571603846,1.1648835743076758
s-11_n-22_cn-4_cm-8.geojson,1,0.0012619698618954625,0.6530012458248288,0.9690814334081286,0.19795941661692962,1.1670408500250582
s-10_n-20_cn-4_cm-7.geojson,1,0.0011826116336085602,0.6662554602613937,0.8868879150049453,0.29498389098483163,1.181871805989777
s-7_n-14_cn-4_cm-5.geojson,1,0.0009447544735571113,0.7000941206826601,0.6405326562743979,0.5426921392858297,1.1832247955602275
s-5_n-10_cn-8_cm-4.geojson,1,0.000734224271480245,0.7299057239290789,0.422480685957329,0.7609212277687124,1.1834019137260414
s-4_n-8_cn-8_cm-4.geojson,1,0.0005954178116954747,0.7496416285349362,0.2787149851209455,0.9053934467540746,1.1841084318750201
s-7_n-14_cn-8_cm-5.geojson,1,0.0009432096908620031,0.7008169918623507,0.6389326819854022,0.5479837540081401,1.1869164359935422
s-8_n-16_cn-8_cm-6.geojson,1,0.001060341502806082,0.6847722137206329,0.7602493488068667,0.4305315901699619,1.1907809389768285
s-8_n-16_cn-4_cm-6.geojson,1,0.0010587065825743514,0.6860407906986358,0.7585560165708108,0.4398179205726447,1.1983739371434554
s-5_n-10_cn-4_cm-4.geojson,1,0.0007333529768273978,0.7336447147240124,0.42157826191599984,0.7882916629069914,1.2098699248229912
s-9_n-18_cn-4_cm-7.geojson,1,0.001136367666397657,0.6771732965133114,0.8389917553749187,0.3749054381008049,1.2138971934757237
s-9_n-18_cn-8_cm-7.geojson,1,0.0011452463251168186,0.6760014194182243,0.8481876285008997,0.36632697728603697,1.2145146057869367
s-4_n-8_cn-4_cm-4.geojson,1,0.0006179117408960589,0.7514061849915209,0.3020125715668523,0.9183104825778128,1.220323054144665
s-4_n-8_cn-8_cm-5.geojson,1,0.0006197418723018169,0.7512981984075957,0.30390808943093045,0.9175199912518823,1.2214280806828128
s-10_n-20_cn-8_cm-8.geojson,1,0.0012398992801988444,0.6646154574317753,0.9462223197155748,0.2829786217727518,1.2292009414883265
s-4_n-8_cn-8_cm-6.geojson,1,0.0006335548995933613,0.7535023370596033,0.31821462496479663,0.9336548889607232,1.2518695139255198
s-8_n-16_cn-4_cm-7.geojson,1,0.0011130118570371447,0.6870133474160905,0.8148014957391533,0.44693730171406504,1.2617387974532184
s-7_n-14_cn-8_cm-6.geojson,1,0.001004505873838415,0.7027756321613594,0.7024188390263869,0.5623215366354418,1.2647403756618287
s-7_n-14_cn-4_cm-6.geojson,1,0.0010050620086066403,0.7027349435958343,0.7029948432328004,0.5620236852085051,1.2650185284413054
s-10_n-20_cn-4_cm-8.geojson,1,0.0012460851008165178,0.668959209454207,0.9526291457215611,0.31477607448320966,1.2674052202047708
s-4_n-8_cn-8_cm-7.geojson,1,0.0006450838465551711,0.7541424678392517,0.3301554751416551,0.9383408213273183,1.2684962964689734
s-6_n-12_cn-4_cm-5.geojson,1,0.0008893342682283798,0.7195878762435177,0.5831324122804541,0.6853917610401584,1.2685241733206125
s-4_n-8_cn-4_cm-5.geojson,1,0.0006439700876155107,0.7544571203237128,0.32900192411260826,0.9406441635630662,1.2696460876756746
s-6_n-12_cn-8_cm-5.geojson,1,0.000892851825003685,0.7198015688273447,0.5867756434082968,0.686956049193286,1.273731692601583
s-5_n-10_cn-8_cm-5.geojson,1,0.0007806666599321692,0.7358363907400084,0.4705823559708094,0.8043353307120116,1.274917686682821
s-5_n-10_cn-4_cm-5.geojson,1,0.0007812110562012237,0.7359032700486061,0.47114620228801024,0.8048249055407455,1.2759711078287557
s-4_n-8_cn-8_cm-8.geojson,1,0.0006506997111958969,0.755086994634383,0.3359719819319594,0.9452550157718568,1.2812269977038162
s-9_n-18_cn-8_cm-8.geojson,1,0.0011984398467811195,0.6778477282546749,0.9032816344562524,0.37984246288760026,1.2831240973438527
s-8_n-16_cn-8_cm-7.geojson,1,0.0011138081302461363,0.6911263932790312,0.8156262179900156,0.4770459222447527,1.2926721402347683
s-4_n-8_cn-4_cm-6.geojson,1,0.0006593264345826606,0.7556330010879754,0.34490691864558753,0.9492519323311012,1.2941588509766886
s-4_n-8_cn-4_cm-7.geojson,1,0.0006680973660137677,0.7550567004491167,0.35399121563101743,0.9450332540510141,1.2990244696820317
s-9_n-18_cn-4_cm-8.geojson,1,0.0011920466826722618,0.6812485374435112,0.8966600570448185,0.404737316185137,1.3013973732299555
s-5_n-10_cn-8_cm-6.geojson,1,0.0008134343737763718,0.7359423263643924,0.5045207861629086,0.8051108084532149,1.3096315946161234
s-4_n-8_cn-4_cm-8.geojson,1,0.0006728474945310028,0.7564411749501115,0.3589110555030385,0.9551679860170381,1.3140790415200767
s-7_n-14_cn-8_cm-7.geojson,1,0.001055421181700975,0.7047781714631792,0.7551532357505104,0.576980671968587,1.3321339077190975
s-5_n-10_cn-4_cm-6.geojson,1,0.0008106752654633177,0.7404133376214943,0.5016631011464853,0.8378398335636397,1.3395029347101248
s-6_n-12_cn-8_cm-6.geojson,1,0.0009399027944445644,0.7229690706295359,0.6355076376338384,0.7101430286169137,1.3456506662507521
s-8_n-16_cn-4_cm-8.geojson,1,0.0011614318575454228,0.6923345744105016,0.8649514334175898,0.4858901385340818,1.3508415719516718
s-5_n-10_cn-8_cm-7.geojson,1,0.0008340714277743533,0.7400166460697752,0.5258951554524828,0.8349359429199551,1.3608310983724379
s-6_n-12_cn-4_cm-6.geojson,1,0.000943286535170033,0.7246947116212069,0.63901227176686,0.7227751925950892,1.3617874643619492
s-8_n-16_cn-8_cm-8.geojson,1,0.0011619498447607319,0.695000934387832,0.8654879271452497,0.5054086227501207,1.3708965498953702
s-5_n-10_cn-4_cm-7.geojson,1,0.0008312944768159308,0.7419800003984167,0.5230189903133032,0.8493082335333363,1.3723272238466395
s-7_n-14_cn-4_cm-7.geojson,1,0.001054483501423604,0.7104571542236408,0.7541820542763504,0.6185523788332421,1.3727344331095925
s-5_n-10_cn-8_cm-8.geojson,1,0.0008541480936793788,0.7407635872650237,0.5466891152492342,0.840403756738689,1.3870928719879232
s-6_n-12_cn-8_cm-7.geojson,1,0.0009822202981435483,0.7238354695737073,0.679337050085997,0.7164853058264351,1.395822355912432
s-5_n-10_cn-4_cm-8.geojson,1,0.0008492176635906938,0.7427001597166224,0.541582532038167,0.8545799966879516,1.3961625287261186
s-6_n-12_cn-4_cm-7.geojson,1,0.0009832379226642658,0.724527329773538,0.6803910320306132,0.7215499116954527,1.401940943726066
s-7_n-14_cn-8_cm-8.geojson,1,0.001100909843307125,0.7097454893754681,0.8022671044138101,0.6133427975222913,1.4156099019361013
s-7_n-14_cn-4_cm-8.geojson,1,0.0010936434162012291,0.7111773261381863,0.7947410642923673,0.62382423419651,1.4185652984888772
s-6_n-12_cn-8_cm-8.geojson,1,0.0010140230366673544,0.7267086975708351,0.712276028570721,0.7375181205205603,1.4497941490912813
s-6_n-12_cn-4_cm-8.geojson,1,0.0010164510929732628,0.7268780595190616,0.7147908338400893,0.7387578962977852,1.4535487301378747
s-12_n-24_cn-8_cm-2.geojson,2,0.0012079500514452716,0.577563957247509,0.7192798412388628,0.0,0.7192798412388628
s-11_n-22_cn-8_cm-1.geojson,2,0.0011502621454550187,0.5895469509250897,0.6687603627103537,0.07269727433758474,0.7414576370479384
s-11_n-22_cn-8_cm-2.geojson,2,0.001160119583216122,0.5900442085083295,0.6773928933382172,0.07571398885132617,0.7531068821895434
s-13_n-26_cn-8_cm-1.geojson,2,0.0012522924491328753,0.5779362193622768,0.7581121539988372,0.002258404019139004,0.7603705580179763
s-12_n-24_cn-8_cm-1.geojson,2,0.0012036206944759822,0.5856585283118833,0.7154884597924774,0.04910736575058405,0.7645958255430615
s-12_n-24_cn-8_cm-3.geojson,2,0.001239609331215543,0.5811881729664359,0.7470050685135801,0.021987043594152097,0.7689921121077321
s-9_n-18_cn-8_cm-1.geojson,2,0.0009975035913135314,0.6169686410903056,0.5349839261501346,0.23905654868741655,0.7740404748375511
s-10_n-20_cn-8_cm-2.geojson,2,0.0011132836017218747,0.6010443663357906,0.6363768550396515,0.1424486891154025,0.778825544155054
s-8_n-16_cn-8_cm-1.geojson,2,0.0009244800492907863,0.6283046349812967,0.47103445181981185,0.3078286669039513,0.7788631187237631
s-13_n-26_cn-8_cm-2.geojson,2,0.0012640054004402638,0.5793537393278797,0.7683696279341723,0.010858077906244273,0.7792277058404166
s-10_n-20_cn-8_cm-1.geojson,2,0.0010872629709626504,0.6062543865010109,0.6135896057128862,0.17405633871001017,0.7876459444228964
s-13_n-26_cn-8_cm-3.geojson,2,0.0012862045119364817,0.5792433540037858,0.7878102284783254,0.010188402831349445,0.7979986313096749
s-7_n-14_cn-8_cm-1.geojson,2,0.0008145541099253144,0.6474559576304357,0.37476815408942693,0.4240140704861005,0.7987822245755274
s-9_n-18_cn-8_cm-2.geojson,2,0.0010270214183354517,0.6174433462214325,0.5608338023563209,0.24193644415223325,0.8027702465085541
s-8_n-16_cn-8_cm-2.geojson,2,0.0009618200569132032,0.6283168393892741,0.5037345070732264,0.30790270743328213,0.8116372145065085
s-11_n-22_cn-8_cm-3.geojson,2,0.0011987163499083465,0.5945104079443155,0.7111935399851448,0.10280909833566944,0.8140026383208142
s-12_n-24_cn-4_cm-1.geojson,2,0.001254915430365288,0.5865506006307296,0.7604091977513691,0.05451930435599874,0.8149285021073678
s-9_n-18_cn-4_cm-1.geojson,2,0.001045225828823043,0.6174404066628306,0.5767760923210047,0.24191861072063334,0.818694703041638
s-12_n-24_cn-4_cm-2.geojson,2,0.0012613282658465203,0.5883137159309477,0.7660251600373934,0.06521560280340195,0.8312407628407954
s-11_n-22_cn-4_cm-1.geojson,2,0.0012078026193359972,0.5979607249498379,0.7191507293712877,0.1237411499290349,0.8428918793003226
s-10_n-20_cn-8_cm-3.geojson,2,0.0011524725803126778,0.6060129592596457,0.6706961240179152,0.17259167112607154,0.8432877951439868
s-10_n-20_cn-4_cm-1.geojson,2,0.0011356499171533794,0.6090901170193975,0.6559638823863311,0.19125987607215553,0.8472237584584866
s-8_n-16_cn-4_cm-1.geojson,2,0.0009724848181968771,0.6326559722262428,0.5130740414077414,0.3342269414872906,0.847300982895032
s-10_n-20_cn-4_cm-2.geojson,2,0.0011545668906775548,0.6066706624398959,0.6725301907203591,0.17658176156706065,0.8491119522874198
s-12_n-24_cn-4_cm-3.geojson,2,0.0012778118050156021,0.5888956331104754,0.7804604179797942,0.0687459220191274,0.8492063399989216
s-11_n-22_cn-4_cm-2.geojson,2,0.0012153275395541765,0.5987130980706484,0.7257405862722347,0.12830557486652952,0.8540461611387642
s-11_n-22_cn-8_cm-4.geojson,2,0.0012431519068143444,0.5953150868035716,0.7501074357919053,0.10769084669997324,0.8577982824918785
s-12_n-24_cn-8_cm-4.geojson,2,0.0012806553917089991,0.5899444212167371,0.7829506542682337,0.07510860890141666,0.8580592631696504
s-6_n-12_cn-8_cm-1.geojson,2,0.0007279921340698856,0.6697234668478547,0.2989625618158482,0.559104455238788,0.8580670170546363
s-11_n-22_cn-4_cm-3.geojson,2,0.0012374180149438683,0.5973156079791768,0.7450860500740002,0.11982741629469933,0.8649134663686995
s-7_n-14_cn-4_cm-1.geojson,2,0.0008545079906597502,0.6533762056486875,0.4097572767702707,0.45993046215829253,0.8696877389285632
s-13_n-26_cn-8_cm-4.geojson,2,0.001319189393262972,0.5865183817357617,0.8166963351125409,0.05432384186061899,0.8710201769731599
s-13_n-26_cn-4_cm-2.geojson,2,0.001317091700893692,0.5870432578138262,0.8148593066610808,0.05750810960430311,0.8723674162653838
s-9_n-18_cn-4_cm-2.geojson,2,0.0010643405932404728,0.6236530087826113,0.5935156136121227,0.2796086281573396,0.8731242417694622
s-5_n-10_cn-8_cm-1.geojson,2,0.0005964860672878333,0.6915647266122819,0.18379773128296162,0.6916089107776131,0.8754066420605747
s-8_n-16_cn-4_cm-2.geojson,2,0.0009932733182027365,0.6349842960627196,0.531279316181684,0.34835219275933005,0.879631508941014
s-12_n-24_cn-4_cm-4.geojson,2,0.0013055907079360144,0.5900550967511274,0.8047874526596528,0.07578004459624546,0.8805674972558982
s-7_n-14_cn-8_cm-2.geojson,2,0.0008729151820025894,0.6526688089068197,0.42587714959026596,0.45563889559381276,0.8815160451840787
s-4_n-8_cn-8_cm-1.geojson,2,0.0004870810455488139,0.7087419743427326,0.08798762079655696,0.795818186374706,0.883805807171263
s-9_n-18_cn-8_cm-3.geojson,2,0.001077568080717642,0.6246352775256145,0.6050994240853592,0.28556776175989995,0.8906671858452592
s-13_n-26_cn-4_cm-1.geojson,2,0.0013173500166851772,0.5900771971829029,0.8150855235579761,0.0759141213716311,0.8909996449296073
s-13_n-26_cn-4_cm-3.geojson,2,0.0013321633147940042,0.5883522058442766,0.8280580883078863,0.0654491097102557,0.893507198018142
s-13_n-26_cn-4_cm-4.geojson,2,0.0013650230373330218,0.5837264623566941,0.8568345886638389,0.03738609370773263,0.8942206823715715
s-13_n-26_cn-8_cm-5.geojson,2,0.0013647021208972082,0.5839629027154782,0.8565535500178655,0.03882050735172583,0.8953740573695913
s-10_n-20_cn-4_cm-3.geojson,2,0.0011838852791391337,0.6104642505655671,0.698205411045144,0.19959633739978386,0.8978017484449279
s-9_n-18_cn-4_cm-3.geojson,2,0.0011020005548311401,0.6224151346669743,0.6264958646423067,0.2720988124467443,0.8985946770890509
s-6_n-12_cn-4_cm-1.geojson,2,0.0007628757706645992,0.6726265967332079,0.32951148016696163,0.5767168846025809,0.9062283647695425
s-8_n-16_cn-8_cm-3.geojson,2,0.0010287794728681865,0.6346262565164251,0.5623733971239564,0.3461800728516506,0.908553469975607
s-11_n-22_cn-8_cm-5.geojson,2,0.0012960734770772193,0.5971647749151887,0.7964528540679999,0.11891235675891429,0.9153652108269142
s-7_n-14_cn-4_cm-2.geojson,2,0.0008953145666460312,0.6552481439614902,0.4454931368950812,0.4712869575992825,0.9167800944943637
s-11_n-22_cn-4_cm-4.geojson,2,0.0012688152721403083,0.6017959694600034,0.7725818142824918,0.14700844271154315,0.919590256994035
s-6_n-12_cn-8_cm-2.geojson,2,0.0008007031514346435,0.6699963962719022,0.36263834649705307,0.5607602372368964,0.9233985837339495
s-4_n-8_cn-4_cm-1.geojson,2,0.0005097916376417009,0.7121420820759068,0.10787614422121011,0.8164456331802871,0.9243217774014971
s-12_n-24_cn-8_cm-5.geojson,2,0.0013332575285309378,0.5945959011107863,0.8290163326129917,0.10332776006112313,0.9323440926741148
s-5_n-10_cn-4_cm-1.geojson,2,0.000625397900813418,0.6969254606709105,0.20911691609203392,0.7241308969353863,0.9332478130274202
s-10_n-20_cn-8_cm-4.geojson,2,0.0012041789852716856,0.6137436003069678,0.7159773761326019,0.21949118122712616,0.9354685573597281
s-3_n-6_cn-8_cm-1.geojson,2,0.000386608480418249,0.7326631331038695,0.0,0.9409407732441992,0.9409407732441992
s-8_n-16_cn-4_cm-3.geojson,2,0.0010454784129656713,0.6380521723974203,0.5769972897964739,0.36696409004796743,0.9439613798444413
s-12_n-24_cn-4_cm-5.geojson,2,0.0013499187776588005,0.5943970817509583,0.8436072178795746,0.10212158187777967,0.9457287997573542
s-10_n-20_cn-4_cm-4.geojson,2,0.0012213100124913551,0.613397563134642,0.7309796638207983,0.21739187616827108,0.9483715399890693
s-11_n-22_cn-4_cm-5.geojson,2,0.0013114455773814144,0.6018454340007616,0.8099147830100399,0.1473085294332957,0.9572233124433356
s-13_n-26_cn-4_cm-5.geojson,2,0.001390255938464134,0.5910537498577767,0.8789319933975207,0.08183857728144503,0.9607705706789658
s-9_n-18_cn-8_cm-4.geojson,2,0.001145040834310945,0.6270394602751411,0.6641878632981152,0.30015322659470317,0.9643410898928184
s-13_n-26_cn-8_cm-6.geojson,2,0.0014202989303538419,0.5876926552450601,0.9052417763173708,0.06144781152544001,0.9666895878428108
s-3_n-6_cn-4_cm-1.geojson,2,0.0004073955423727481,0.7348961449315972,0.018204015418041727,0.954487794782156,0.9726918102001977
s-7_n-14_cn-8_cm-3.geojson,2,0.000958055053867449,0.655536920896228,0.5004373516770523,0.47303888175211517,0.9734762334291674
s-6_n-12_cn-4_cm-2.geojson,2,0.0008192003037257853,0.67654252510675,0.3788370015178955,0.600473662492761,0.9793106640106566
s-7_n-14_cn-4_cm-3.geojson,2,0.0009632033183385836,0.6583032523296839,0.5049458813583431,0.48982139541586545,0.9947672767742085
s-5_n-10_cn-8_cm-2.geojson,2,0.0006977869965208684,0.6969696902959186,0.27251078181682953,0.724399224973402,0.9969100067902316
s-9_n-18_cn-4_cm-4.geojson,2,0.0011561609097426812,0.6312514780103406,0.673926133432308,0.32570629096654324,0.9996324243988512
s-10_n-20_cn-8_cm-5.geojson,2,0.0012564825668598158,0.6174975441957407,0.7617815983807127,0.2422652472137081,1.0040468455944207
s-8_n-16_cn-8_cm-4.geojson,2,0.0011006922344128523,0.6401978872844026,0.6253501190281172,0.3799815068960658,1.0053316259241831
s-13_n-26_cn-4_cm-6.geojson,2,0.0014413256475147506,0.5911482038994615,0.9236556668530239,0.08241160198340274,1.0060672688364267
s-13_n-26_cn-8_cm-7.geojson,2,0.001471761075152562,0.5872280147439977,0.9503091205823755,0.05862897519097005,1.0089380957733456
s-12_n-24_cn-8_cm-6.geojson,2,0.0013887583884567964,0.5994070644446583,0.8776205322837504,0.13251566336610385,1.0101361956498542
s-10_n-20_cn-4_cm-5.geojson,2,0.0012714394076668832,0.6172522169414519,0.7748798688940268,0.24077691940620197,1.0156567883002288
s-11_n-22_cn-8_cm-6.geojson,2,0.0013570718943294471,0.6049631872768997,0.8498714723684742,0.16622301535648878,1.016094487724963
s-12_n-24_cn-4_cm-6.geojson,2,0.0013937610473601983,0.6000305195025645,0.8820015496688947,0.1362979805901008,1.0182995302589954
s-8_n-16_cn-4_cm-4.geojson,2,0.0011114121297043393,0.6411081399495596,0.6347379362960494,0.38550374027913425,1.0202416765751836
s-5_n-10_cn-4_cm-2.geojson,2,0.0007094847089724383,0.6993433220367894,0.28275491051045226,0.7387993458852008,1.021554256395653
s-13_n-26_cn-4_cm-7.geojson,2,0.001483200100476133,0.5878340600863582,0.96032670718569,0.06230567282597154,1.0226323800116615
s-4_n-8_cn-8_cm-2.geojson,2,0.0005887743357842826,0.7181420184298329,0.17704427668231992,0.8528454703883693,1.0298897470706891
s-11_n-22_cn-4_cm-6.geojson,2,0.0013633085130381594,0.607675876133416,0.8553331149699324,0.18268009539013946,1.0380132103600719
s-3_n-6_cn-8_cm-2.geojson,2,0.00046203191521289235,0.7383925994625538,0.06605115109045895,0.9756997490804712,1.0417509001709302
s-6_n-12_cn-8_cm-3.geojson,2,0.000894979160394271,0.6761144897068857,0.4451994089699075,0.5978768984680627,1.0430763074379703
s-4_n-8_cn-4_cm-2.geojson,2,0.0006054195988250989,0.7183296550710349,0.19162116232857634,0.8539838063291418,1.0456049686577182
s-6_n-12_cn-4_cm-3.geojson,2,0.0009006429250958145,0.6768655531381387,0.4501593816768125,0.6024333779068258,1.0525927595836384
s-9_n-18_cn-8_cm-5.geojson,2,0.0012157841609780667,0.6325341343029913,0.7261404669027394,0.33348778688455505,1.0596282537872943
s-9_n-18_cn-4_cm-5.geojson,2,0.0012186794172539541,0.6330800192491707,0.728675952196467,0.33679950921012086,1.0654754614065878
s-3_n-6_cn-4_cm-2.geojson,2,0.0004834843815189889,0.7396330304557897,0.08483788623590734,0.9832250766103376,1.068062962846245
s-10_n-20_cn-8_cm-6.geojson,2,0.001327071977847813,0.6178946900132452,0.8235994122107165,0.24467461328899567,1.0682740254997123
s-13_n-26_cn-8_cm-8.geojson,2,0.0015264296015985673,0.5902082247301792,0.9981844143820994,0.07670902670217052,1.0748934410842699
s-13_n-26_cn-4_cm-8.geojson,2,0.0015285028085178273,0.5915878256952684,1.0,0.0850786572414175,1.0850786572414175
s-3_n-6_cn-8_cm-3.geojson,2,0.0005088628481188458,0.7393604424190904,0.10706276814953725,0.9815713657081825,1.0886341338577197
s-12_n-24_cn-4_cm-7.geojson,2,0.0014513097046813662,0.6040350213134191,0.9323990828775448,0.1605921072968279,1.0929911901743727
s-10_n-20_cn-4_cm-6.geojson,2,0.0013320119115645978,0.6221315963355336,0.8279254987803962,0.27037866934890314,1.0983041681292993
s-5_n-10_cn-8_cm-3.geojson,2,0.0007978908219160189,0.6996128928002776,0.3601754832973513,0.7404347518842342,1.1006102351815854
s-7_n-14_cn-8_cm-4.geojson,2,0.0010427942739885336,0.6646466480835098,0.5746466878965548,0.5283048991008024,1.1029515869973572
s-3_n-6_cn-4_cm-3.geojson,2,0.0005276828659242616,0.7394483840639878,0.12354416869799027,0.9821048816272279,1.105649050325218
s-11_n-22_cn-8_cm-7.geojson,2,0.001415862627688021,0.6114305166257701,0.9013567384844883,0.20545838746437645,1.1068151259488648
s-12_n-24_cn-8_cm-7.geojson,2,0.0014469556200030836,0.6071873261661943,0.9285860464422655,0.17971620740435326,1.1083022538466187
s-7_n-14_cn-4_cm-4.geojson,2,0.0010467575584022484,0.6650556380550795,0.5781174857770477,0.5307861201516112,1.108903605928659
s-4_n-8_cn-8_cm-3.geojson,2,0.0006628314687400719,0.7209094414059182,0.2418989056382589,0.869634606118033,1.111533511756292
s-5_n-10_cn-4_cm-3.geojson,2,0.0008025189143823592,0.7011551555315128,0.364228478703715,0.7497912031926414,1.1140196818963564
s-8_n-16_cn-8_cm-5.geojson,2,0.0011778125193950282,0.6479051668061202,0.692887265929026,0.42673928953889795,1.119626555467924
s-11_n-22_cn-4_cm-7.geojson,2,0.0014170387764296465,0.6135038927482972,0.9023867363684279,0.21803694644887744,1.1204236828173053
s-8_n-16_cn-4_cm-5.geojson,2,0.001182280877055801,0.6477978694657278,0.6968003755319168,0.42608834834673226,1.1228887238786491
s-3_n-6_cn-8_cm-4.geojson,2,0.0005412832650476377,0.7406336398117044,0.1354545519871436,0.9892954772805626,1.1247500292677062
s-3_n-6_cn-4_cm-4.geojson,2,0.0005537909577770238,0.7407380153012192,0.14640801100834938,0.9899286924686481,1.1363367034769976
s-4_n-8_cn-4_cm-3.geojson,2,0.0006827080909258455,0.7234773912885258,0.25930561455751033,0.8852135976558795,1.1445192122133898
s-3_n-6_cn-8_cm-5.geojson,2,0.0005552571587753466,0.7420943832559062,0.1476920186106666,0.9981573752133506,1.145849393824017
s-3_n-6_cn-4_cm-5.geojson,2,0.0005648070785405864,0.7411362208280432,0.1560552441125688,0.9923444874865849,1.1483997315991537
s-9_n-18_cn-8_cm-6.geojson,2,0.001285365258778391,0.6373658096629445,0.787075262783656,0.36280013057792015,1.1498753933615762
s-3_n-6_cn-8_cm-6.geojson,2,0.0005594883347082062,0.7423379084479034,0.1513974192145048,0.9996347704425458,1.1510321896570506
s-10_n-20_cn-8_cm-7.geojson,2,0.0013912676494404795,0.6222773495018646,0.8798179869185054,0.27126291064981967,1.151080897568325
s-3_n-6_cn-8_cm-7.geojson,2,0.000561028530667284,0.7423112561237046,0.1527462269992331,0.9994730786836964,1.1522193056829295
s-3_n-6_cn-4_cm-6.geojson,2,0.0005678345203534654,0.7413354940134104,0.1587064892745598,0.9935534188950913,1.1522599081696512
s-3_n-6_cn-4_cm-7.geojson,2,0.0005688668722263161,0.7412442014100772,0.15961055880835706,0.9929995737034744,1.1526101325118314
s-3_n-6_cn-8_cm-8.geojson,2,0.0005613202588754093,0.7423981107528415,0.15300170441158775,1.0,1.1530017044115877
s-9_n-18_cn-4_cm-6.geojson,2,0.0012805707034537173,0.6387038361112085,0.7828764895638494,0.37091754083428846,1.1537940303981378
s-3_n-6_cn-4_cm-8.geojson,2,0.0005690495416479424,0.7414816455670188,0.1597705293215045,0.9944400770936527,1.1542106064151572
s-6_n-12_cn-8_cm-4.geojson,2,0.0009812620542475818,0.6829873247631912,0.520760598591463,0.6395723536279861,1.160332952219449
s-12_n-24_cn-8_cm-8.geojson,2,0.0015085889673902516,0.607646639894401,0.9825606970474072,0.18250272778522733,1.1650634248326346
s-4_n-8_cn-8_cm-4.geojson,2,0.000708511251071083,0.7245759644658195,0.2819024166523074,0.8918783158221795,1.1737807324744869
s-12_n-24_cn-4_cm-8.geojson,2,0.0015092597006610645,0.6095560022577312,0.9831480835106794,0.19408626385906896,1.1772343473697484
s-6_n-12_cn-4_cm-4.geojson,2,0.0009844260591212752,0.6865481232095768,0.523531437184697,0.6611746634082246,1.1847061005929216
s-11_n-22_cn-8_cm-8.geojson,2,0.0014744796535524506,0.6158362635262975,0.9526898823858019,0.2321867493167937,1.1848766317025956
s-10_n-20_cn-4_cm-7.geojson,2,0.0013949916877151129,0.6274820000821663,0.8830792679170996,0.3028379845627224,1.1859172524798218
s-7_n-14_cn-4_cm-5.geojson,2,0.0011212316199282891,0.6684709550461594,0.6433372348320988,0.5515058370212671,1.194843071853366
s-11_n-22_cn-4_cm-8.geojson,2,0.0014783903078080074,0.6172098507838953,0.9561145900486073,0.24051989647341987,1.196634486522027
s-7_n-14_cn-8_cm-5.geojson,2,0.0011241001838901356,0.6683945879283144,0.6458493446580759,0.5510425403304966,1.1968918849885726
s-8_n-16_cn-4_cm-6.geojson,2,0.0012531720923530255,0.6522051621202704,0.7588824907966512,0.45282608783104344,1.2117085786276947
s-4_n-8_cn-4_cm-4.geojson,2,0.0007346903705351026,0.7270890230948632,0.30482846052502616,0.9071242983785944,1.2119527589036205
s-4_n-8_cn-8_cm-5.geojson,2,0.000735706490484441,0.7270730348310462,0.3057183151502168,0.9070273023163282,1.212745617466545
s-5_n-10_cn-8_cm-4.geojson,2,0.0008746439634671182,0.7071539629088172,0.42739110882623654,0.7861841912338626,1.213575300060099
s-8_n-16_cn-8_cm-6.geojson,2,0.0012555935945532729,0.6528445876334619,0.7610030917495234,0.4567052930782183,1.2177083848277417
s-5_n-10_cn-4_cm-4.geojson,2,0.0008775846178522132,0.7080635273872453,0.4299663509591834,0.7917022495918274,1.221668600551011
s-10_n-20_cn-8_cm-8.geojson,2,0.0014526980608683534,0.6272321090260008,0.9336149188378633,0.301321969520625,1.2349368883584884
s-9_n-18_cn-4_cm-7.geojson,2,0.0013498362485585612,0.6421659883083759,0.8435349440288264,0.39192139303082607,1.2354563370596525
s-4_n-8_cn-4_cm-5.geojson,2,0.0007617088239859027,0.7295501020168923,0.3284895408771513,0.9220549354443495,1.2505444763215008
s-4_n-8_cn-8_cm-6.geojson,2,0.0007544680840280495,0.7309170890304183,0.32214855136553533,0.930348040874601,1.2524965922401363
s-10_n-20_cn-4_cm-8.geojson,2,0.0014528176709021376,0.6302591771016981,0.9337196658629082,0.3196862951856904,1.2534059610485986
s-9_n-18_cn-8_cm-7.geojson,2,0.001356590308785099,0.645393592327969,0.8494497297146248,0.41150231088647354,1.2609520406010983
s-4_n-8_cn-8_cm-7.geojson,2,0.0007647766635310598,0.7314218578394367,0.3311761638593872,0.9334103237709794,1.2645864876303667
s-4_n-8_cn-8_cm-8.geojson,2,0.000767469762366052,0.7315295413570188,0.3335346122453024,0.9340636077858033,1.2675982200311058
s-6_n-12_cn-4_cm-5.geojson,2,0.0010530855771567935,0.690312818580202,0.5836591708514246,0.6840139554515656,1.2676731263029901
s-6_n-12_cn-8_cm-5.geojson,2,0.0010547790884847378,0.6902213229002617,0.5851422426964024,0.6834588782543068,1.2686011209507093
s-4_n-8_cn-4_cm-6.geojson,2,0.0007799978132665119,0.7319180409575382,0.34450589968598,0.9364205198228884,1.2809264195088685
s-7_n-14_cn-4_cm-6.geojson,2,0.0011868480678129585,0.6747187287492348,0.7008000370108897,0.5894092300391058,1.2902092670499954
s-5_n-10_cn-8_cm-5.geojson,2,0.0009317275422078962,0.7118176888159874,0.47738135515295277,0.8144776353289868,1.2918589904819395
s-7_n-14_cn-8_cm-6.geojson,2,0.0011908834615461108,0.6749378394866797,0.7043339837464587,0.5907385100019376,1.2950724937483962
s-4_n-8_cn-4_cm-7.geojson,2,0.000789566125559968,0.7331274521109903,0.35288523221964835,0.943757659170123,1.2966428913897714
s-5_n-10_cn-4_cm-5.geojson,2,0.0009308439252127036,0.7130972597753963,0.47660753837021846,0.8222404134438239,1.2988479518140423
s-4_n-8_cn-4_cm-8.geojson,2,0.0007944099144510517,0.7333088859618239,0.3571271211334369,0.9448583646184494,1.3019854857518864
s-8_n-16_cn-4_cm-7.geojson,2,0.0013152709229263223,0.6587208494070661,0.8132647826122573,0.49235483322897433,1.3056196158412317
s-8_n-16_cn-8_cm-7.geojson,2,0.0013282938372117564,0.6596326509659541,0.8246694406134122,0.4978864632916636,1.3225559039050758
s-6_n-12_cn-4_cm-6.geojson,2,0.0011071062262267477,0.692474797647992,0.6309670939583369,0.6971300422686104,1.3280971362269474
s-6_n-12_cn-8_cm-6.geojson,2,0.0011087299709055072,0.6932767256103881,0.6323890685130769,0.7019951017562375,1.3343841702693142
s-9_n-18_cn-4_cm-8.geojson,2,0.0014111353547427566,0.6501003888700891,0.8972168869860297,0.440057051770121,1.3372739387561507
s-9_n-18_cn-8_cm-8.geojson,2,0.001419312577448671,0.649669334085869,0.9043779898172553,0.43744197003461055,1.3418199598518659
s-5_n-10_cn-4_cm-6.geojson,2,0.0009631794589788697,0.7158445019760745,0.5049249868157162,0.8389071183848564,1.3438321052005726
s-5_n-10_cn-8_cm-6.geojson,2,0.0009680105197030905,0.7166671055809962,0.5091557291929562,0.8438976108733872,1.3530533400663434
s-7_n-14_cn-8_cm-7.geojson,2,0.0012421515274988822,0.6782482358044047,0.7492313658344276,0.6108217042145855,1.360053070049013
s-7_n-14_cn-4_cm-7.geojson,2,0.0012406000096705126,0.678701017255458,0.7478726430610588,0.6135685952042526,1.3614412382653114
s-5_n-10_cn-4_cm-7.geojson,2,0.0009833482757728926,0.7184590780653258,0.5225875815915298,0.8547689773118459,1.3773565589033758
s-8_n-16_cn-4_cm-8.geojson,2,0.0013725847328906133,0.6631031198507258,0.8634566511187561,0.5189407703692279,1.3823974214879842
s-8_n-16_cn-8_cm-8.geojson,2,0.0013854313033008804,0.6624102705733427,0.8747068781267555,0.5147374589641028,1.3894443370908585
s-5_n-10_cn-8_cm-7.geojson,2,0.0009922053575091433,0.7192360683145804,0.5303440626583824,0.8594827470781914,1.3898268097365738
s-6_n-12_cn-4_cm-7.geojson,2,0.0011500289327238248,0.6974820583613311,0.6685561295116635,0.7275076103080952,1.3960637398197586
s-5_n-10_cn-4_cm-8.geojson,2,0.000998271094425059,0.7194319540768038,0.5356560576185558,0.8606711279935401,1.3963271856120958
s-6_n-12_cn-8_cm-7.geojson,2,0.0011494501966952844,0.6984180809365907,0.6680493085087924,0.7331861821049851,1.4012354906137774
s-7_n-14_cn-4_cm-8.geojson,2,0.0012829286552452823,0.6813066675498296,0.7849414370231201,0.6293763039767392,1.4143177409998593
s-7_n-14_cn-8_cm-8.geojson,2,0.0012882348983246194,0.6809469296642502,0.7895883145395083,0.6271938807475158,1.416782195287024
s-5_n-10_cn-8_cm-8.geojson,2,0.0010070668935723353,0.7220660596514659,0.5433588712071958,0.8766514665256079,1.4200103377328037
s-6_n-12_cn-8_cm-8.geojson,2,0.001178303571818415,0.7022070866922133,0.6933172990864761,0.7561729580555165,1.4494902571419925
s-6_n-12_cn-4_cm-8.geojson,2,0.0011824861599525145,0.7026213881315805,0.6969801495194583,0.758686402208665,1.4556665517281233
s-4_n-8_cn-8_cm-1.geojson,3,0.0007015179062503197,0.6950658892323507,0.11095498226057944,0.5797752929308687,0.6907302751914481
s-5_n-10_cn-8_cm-1.geojson,3,0.0008869754656084762,0.6863395592824744,0.24853169260853744,0.46946271789497374,0.7179944105035112
s-4_n-8_cn-4_cm-1.geojson,3,0.0007304716430228261,0.6960045377710647,0.13243353439524572,0.5916410759065279,0.7240746103017737
s-3_n-6_cn-8_cm-1.geojson,3,0.0005519472401351735,0.7067037427306206,0.0,0.7268934508115311,0.7268934508115311
s-5_n-10_cn-4_cm-1.geojson,3,0.0009279757562596402,0.686224223156127,0.27894665725392015,0.4680047137666486,0.7469513710205687
s-3_n-6_cn-4_cm-1.geojson,3,0.0005762322227919458,0.7087565884449438,0.018015162263209244,0.7528441882004607,0.7708593504636699
s-6_n-12_cn-8_cm-1.geojson,3,0.0010990398889315842,0.6785813307253896,0.4058459905190736,0.37138824961737166,0.7772342401364453
s-11_n-22_cn-8_cm-2.geojson,3,0.0016190509653798407,0.6492024824425564,0.7916022438087577,0.0,0.7916022438087577
s-11_n-22_cn-8_cm-1.geojson,3,0.0016106555207234259,0.6505083060014751,0.785374308631916,0.016507370240899873,0.8018816788728159
s-10_n-20_cn-8_cm-1.geojson,3,0.0015544544303482091,0.6540219918701344,0.7436830388958647,0.060925096623631526,0.8046081355194963
s-6_n-12_cn-4_cm-1.geojson,3,0.0011482408439123881,0.6781993513482886,0.4423443977862848,0.3665595153223521,0.8089039131086369
s-8_n-16_cn-8_cm-1.geojson,3,0.0013704858020688188,0.6652024262673157,0.6072108520866637,0.20226086039342162,0.8094717124800853
s-7_n-14_cn-8_cm-1.geojson,3,0.0012254591105705709,0.676107891289761,0.4996266953770137,0.3401206405644513,0.839747335941465
s-6_n-12_cn-4_cm-2.geojson,3,0.001196730790230025,0.6797904891043739,0.47831536236932637,0.3866736416639874,0.8649890040333137
s-13_n-26_cn-8_cm-1.geojson,3,0.0016925636729076465,0.6507622524124524,0.8461356718633973,0.01971759523547827,0.8658532670988756
s-10_n-20_cn-8_cm-2.geojson,3,0.001563327572350459,0.6585814115873999,0.7502653410211846,0.11856230866695057,0.8688276496881352
s-7_n-14_cn-8_cm-2.geojson,3,0.001268664744662759,0.676029037534363,0.5316776348343889,0.3391238227889187,0.8708014576233076
s-6_n-12_cn-8_cm-2.geojson,3,0.0011662394573845813,0.6824252438859709,0.45569618587677047,0.4199804941684844,0.8756766800452549
s-5_n-10_cn-4_cm-2.geojson,3,0.0010207909248351357,0.691186452699192,0.34779909771091916,0.5307339850592673,0.8785330827701865
s-13_n-26_cn-8_cm-3.geojson,3,0.001717704525456561,0.6508185156702165,0.8647857382235563,0.02042883866536404,0.8852145768889204
s-11_n-22_cn-4_cm-1.geojson,3,0.0016694138209444856,0.6539134518678354,0.8289625758237626,0.05955300466552574,0.8885155804892884
s-7_n-14_cn-4_cm-1.geojson,3,0.0012824092489946517,0.6767851157367861,0.5418736262940483,0.34868167058024385,0.8905552968742922
s-10_n-20_cn-8_cm-3.geojson,3,0.0015918795421713562,0.6587369631475344,0.7714458531313829,0.12052869009509351,0.8919745432264764
s-5_n-10_cn-8_cm-2.geojson,3,0.001002326140542419,0.6938148382795967,0.3341014933152379,0.5639603222740049,0.8980618155892428
s-11_n-22_cn-4_cm-2.geojson,3,0.0016715189352873238,0.654772627066883,0.8305241983707017,0.07041413748520049,0.9009383358559022
s-9_n-18_cn-4_cm-1.geojson,3,0.0015217121199413257,0.6639199753839279,0.7193940351444919,0.18604895228128596,0.9054429874257778
s-9_n-18_cn-8_cm-2.geojson,3,0.0014752870773668083,0.6670001482671327,0.6849548639547569,0.22498649008397678,0.9099413540387337
s-13_n-26_cn-8_cm-2.geojson,3,0.0016960495735941024,0.6542259213052826,0.8487215936813166,0.06350303961295486,0.9122246332942715
s-9_n-18_cn-8_cm-1.geojson,3,0.0014602036203182867,0.6681554843896699,0.6737656063769473,0.23959149624820805,0.9133571026251553
s-4_n-8_cn-8_cm-2.geojson,3,0.0008411143671887808,0.704526185554624,0.2145108682465558,0.6993661924163237,0.9138770606628794
s-10_n-20_cn-4_cm-1.geojson,3,0.0016205430935165232,0.6588974738981,0.7927091389990799,0.12255776237605785,0.9152669013751378
s-7_n-14_cn-4_cm-2.geojson,3,0.0013068682902017403,0.6775332210823755,0.5600179092188436,0.35813873071252167,0.9181566399313653
s-12_n-24_cn-8_cm-1.geojson,3,0.0016455195549795363,0.6577344737933815,0.8112372562465301,0.10785587314479612,0.9190931293913263
s-4_n-8_cn-4_cm-2.geojson,3,0.0008621198080401108,0.7040889300369405,0.23009319048640411,0.6938386931833843,0.9239318836697884
s-8_n-16_cn-8_cm-2.geojson,3,0.001394533898150398,0.6730628758713562,0.6250502864051428,0.30162754051464136,0.9266778269197842
s-8_n-16_cn-4_cm-1.geojson,3,0.0014328763615837625,0.6709486532238288,0.653493613299206,0.274900915944222,0.9283945292434279
s-11_n-22_cn-8_cm-3.geojson,3,0.001641397968145688,0.6587475068594849,0.8081797677301451,0.12066197682873529,0.9288417445588804
s-13_n-26_cn-4_cm-3.geojson,3,0.0017646403026567198,0.6529135601292785,0.8996037841806491,0.04691302507835687,0.9465168092590059
s-12_n-24_cn-8_cm-2.geojson,3,0.0016555747420297182,0.6593958179533898,0.8186964267493936,0.1288575030813261,0.9475539298307196
s-3_n-6_cn-8_cm-2.geojson,3,0.0006725940519958994,0.7173117936838744,0.0894985976695249,0.8609935161868945,0.9504921138564194
s-9_n-18_cn-4_cm-2.geojson,3,0.0015285875334284306,0.6674705853942581,0.7244943760155328,0.23093344959430587,0.9554278256098386
s-10_n-20_cn-4_cm-3.geojson,3,0.0016354436861705898,0.6615241474089536,0.803762743536291,0.1557624567235294,0.9595252002598204
s-13_n-26_cn-4_cm-2.geojson,3,0.0017616581995902013,0.6549795125738102,0.8973915910986843,0.07302944920706182,0.970421040305746
s-10_n-20_cn-4_cm-2.geojson,3,0.0016192338412222404,0.6634093079146888,0.7917379053417066,0.17959342700979097,0.9713313323514976
s-8_n-16_cn-4_cm-2.geojson,3,0.0014430474452768512,0.6747773949926865,0.661038758614456,0.32330137365051914,0.9843401322649752
s-9_n-18_cn-4_cm-3.geojson,3,0.0015500059375580487,0.6691252916988026,0.7403830439741427,0.25185116808889796,0.9922342120630406
s-12_n-24_cn-8_cm-3.geojson,3,0.0016732290282625488,0.6620050418788974,0.8317927849235219,0.16184161114523174,0.9936343960687537
s-3_n-6_cn-4_cm-2.geojson,3,0.0007050972828413495,0.7188707208261724,0.11361024666821339,0.8807004569452689,0.9943107036134823
s-11_n-22_cn-4_cm-3.geojson,3,0.0016878126814348889,0.6619821607750523,0.8426112764169388,0.16155236314529223,1.004163639562231
s-11_n-22_cn-8_cm-4.geojson,3,0.0016783650920319851,0.6626850913124978,0.8356028359129871,0.17043835279986266,1.0060411887128498
s-8_n-16_cn-8_cm-3.geojson,3,0.0014529146373863102,0.6759340296972288,0.668358470118742,0.3379227956419889,1.006281265760731
s-13_n-26_cn-8_cm-4.geojson,3,0.001739923567285525,0.6594082027856396,0.8812683377600313,0.12901406405767202,1.0102824018177032
s-10_n-20_cn-8_cm-4.geojson,3,0.0016359559716860855,0.6656862871501424,0.8041427687896411,0.2083775142731562,1.0125202830627973
s-12_n-24_cn-4_cm-2.geojson,3,0.0017108512813934678,0.6622463517157002,0.8597018431444066,0.16489209280614894,1.0245939359505556
s-9_n-18_cn-8_cm-3.geojson,3,0.0015113949888440896,0.6743832338072616,0.7117405484842625,0.31831864487528666,1.030059193359549
s-12_n-24_cn-4_cm-1.geojson,3,0.001708347109580154,0.6630691854564175,0.8578441905288212,0.17529382059850937,1.0331380111273305
s-13_n-26_cn-4_cm-1.geojson,3,0.0017645249995170778,0.6599190519217006,0.8995182496427223,0.1354718858427116,1.0349901354854338
s-6_n-12_cn-8_cm-3.geojson,3,0.001281001631824943,0.6893075287472945,0.5408294232952164,0.5069818532213726,1.047811276516589
s-12_n-24_cn-4_cm-3.geojson,3,0.0017201053692297013,0.6635889944592761,0.8665667397071904,0.18186490717918471,1.0484316468863752
s-7_n-14_cn-8_cm-3.geojson,3,0.0013530634707228184,0.6851703124953743,0.5942865634166833,0.4546818621768969,1.0489684255935803
s-10_n-20_cn-4_cm-4.geojson,3,0.0016685207247432129,0.6667297539755823,0.8283000563890166,0.22156834170461664,1.0498683980936332
s-6_n-12_cn-4_cm-3.geojson,3,0.0012954943767398996,0.6889127621099544,0.5515804769390383,0.5019914707176878,1.0535719476567262
s-13_n-26_cn-4_cm-4.geojson,3,0.0017779414560639422,0.6606083863717639,0.9094708876620725,0.14418600262310077,1.0536568902851733
s-13_n-26_cn-8_cm-5.geojson,3,0.0017734008965206265,0.6616019446375269,0.9061025954917759,0.15674591857563303,1.0628485140674089
s-7_n-14_cn-4_cm-3.geojson,3,0.0013758271539764263,0.6852290535828034,0.6111731905688621,0.4554244287142536,1.0665976192831157
s-3_n-6_cn-8_cm-3.geojson,3,0.0007483087387543515,0.7226316256775693,0.14566550488702681,0.9282433645599945,1.0739088694470214
s-5_n-10_cn-8_cm-3.geojson,3,0.0011457608658418227,0.7000214258513022,0.4405046926490865,0.6424199566395754,1.082924649288662
s-8_n-16_cn-4_cm-3.geojson,3,0.00148207611929029,0.6805376755217901,0.6899911324006455,0.396119085305297,1.0861102177059425
s-13_n-26_cn-4_cm-5.geojson,3,0.0018033056003175696,0.6620087501706637,0.9282865969773568,0.1618884889525204,1.0901750859298773
s-11_n-22_cn-4_cm-4.geojson,3,0.0017124683685318517,0.6673975035621044,0.860901435814637,0.23000959671004367,1.0909110325246807
s-5_n-10_cn-4_cm-3.geojson,3,0.0011554690375142076,0.700752826287115,0.44770643911227914,0.6516658441914236,1.0993722833037027
s-13_n-26_cn-8_cm-6.geojson,3,0.001811642657310945,0.6625032731021854,0.9344712188342474,0.16813992550188264,1.1026111443361302
s-3_n-6_cn-4_cm-3.geojson,3,0.0007776375773773405,0.72354913356666,0.1674223162569242,0.9398419012234825,1.1072642174804068
s-11_n-22_cn-8_cm-5.geojson,3,0.0017255991518280087,0.6690411866993304,0.8706421548040879,0.2507879675087614,1.1214301223128493
s-9_n-18_cn-8_cm-4.geojson,3,0.0015767767028241361,0.6778130554714152,0.7602422173157536,0.36167621465088823,1.1219184319666418
s-4_n-8_cn-8_cm-3.geojson,3,0.0009737423595759753,0.713407415453112,0.31289738296093567,0.811636911632239,1.1245342945931747
s-9_n-18_cn-4_cm-4.geojson,3,0.001600450017572209,0.6769786147083559,0.7778036301659136,0.35112775844802574,1.1289313886139394
s-12_n-24_cn-8_cm-4.geojson,3,0.0016995083465770817,0.6712229410365487,0.8512873915408675,0.278368283680245,1.1296556752211124
s-8_n-16_cn-8_cm-4.geojson,3,0.0015311514315285884,0.6811217537741054,0.7263963349731932,0.4035026218441923,1.1298989568173856
s-12_n-24_cn-4_cm-4.geojson,3,0.001739852931390825,0.6692771230164365,0.8812159384183226,0.2537705206363593,1.1349864590546819
s-11_n-22_cn-4_cm-5.geojson,3,0.0017505389597616942,0.6704465313388946,0.8891430816150578,0.2685534183791376,1.1576964999941954
s-4_n-8_cn-4_cm-3.geojson,3,0.0009991931881415843,0.7148826071291651,0.3317773967053435,0.8302853232086583,1.162062719914002
s-13_n-26_cn-4_cm-6.geojson,3,0.0018318421815554748,0.666026194179756,0.9494556934804893,0.21267439737577137,1.1621300908562606
s-12_n-24_cn-4_cm-5.geojson,3,0.0017675980841691,0.6702881482882364,0.901797934970779,0.26655124309347755,1.1683491780642565
s-10_n-20_cn-8_cm-5.geojson,3,0.0016942291425243344,0.6747885870347712,0.8473711557759507,0.3234428561511077,1.1708140119270585
s-12_n-24_cn-8_cm-5.geojson,3,0.0017382979478526579,0.6725558238605818,0.8800624156362551,0.2952177195123489,1.175280135148604
s-12_n-24_cn-4_cm-6.geojson,3,0.0018002058818943406,0.6690835489504475,0.9259871541013225,0.2513234834738791,1.1773106375752016
s-3_n-6_cn-8_cm-4.geojson,3,0.000821178528975768,0.7267627690094957,0.1997220020020762,0.9804665857084933,1.1801885877105696
s-10_n-20_cn-4_cm-5.geojson,3,0.0017094648170412434,0.6750476143130996,0.8586733317952124,0.3267173101588144,1.1853906419540268
s-3_n-6_cn-4_cm-4.geojson,3,0.0008336049971833538,0.7273659668644169,0.20894024375592982,0.9880918198005681,1.197032063556498
s-3_n-6_cn-8_cm-5.geojson,3,0.0008388404043077193,0.7275937003384143,0.21282398994559837,0.990970677932546,1.2037946678781444
s-13_n-26_cn-8_cm-7.geojson,3,0.0018537472760926722,0.6680942734434,0.9657053996489433,0.2388177073653445,1.2045231070142879
s-3_n-6_cn-8_cm-6.geojson,3,0.0008402170744088457,0.7279344633170024,0.21384523569261907,0.9952783813841543,1.2091236170767734
s-3_n-6_cn-8_cm-7.geojson,3,0.0008404916828278987,0.7279460443370864,0.21404894657427798,0.9954247810910585,1.2094737276653365
s-7_n-14_cn-8_cm-4.geojson,3,0.001456861743918577,0.6918370418130246,0.6712865251086899,0.5389583085548758,1.2102448336635656
s-11_n-22_cn-4_cm-6.geojson,3,0.001789164543541464,0.6723466586963665,0.9177964337355168,0.2925735898490275,1.2103700235845443
s-8_n-16_cn-4_cm-4.geojson,3,0.0015459198938732605,0.6866390625830879,0.737351922188454,0.4732488433924288,1.2106007655808828
s-3_n-6_cn-8_cm-8.geojson,3,0.0008404731877542829,0.7281091696080616,0.21403522650056137,0.9974869044347849,1.2115221309353463
s-3_n-6_cn-4_cm-5.geojson,3,0.0008500339481218776,0.7280257677537391,0.22112761984570736,0.9964325925572908,1.217560212402998
s-3_n-6_cn-4_cm-6.geojson,3,0.000851333195117553,0.7281918678199297,0.22209143134097942,0.9985323213230343,1.2206237526640136
s-3_n-6_cn-4_cm-7.geojson,3,0.0008514880094280718,0.7281846139103799,0.2222062761800341,0.9984406221269103,1.2206468983069445
s-3_n-6_cn-4_cm-8.geojson,3,0.00085146970572145,0.728307969256157,0.2221926980667832,1.0,1.2221926980667832
s-7_n-14_cn-4_cm-4.geojson,3,0.0014652545031864426,0.6925444652866657,0.6775124682021468,0.5479010949801459,1.2254135631822929
s-4_n-8_cn-8_cm-4.geojson,3,0.0010381986989775438,0.7178599322882565,0.3607125875103169,0.8679227271235983,1.228635314633915
s-6_n-12_cn-4_cm-4.geojson,3,0.001400812036779658,0.6970273641409939,0.6297075549614167,0.6045709801537421,1.2342785351151588
s-9_n-18_cn-8_cm-5.geojson,3,0.0016488380255060215,0.6826305277979116,0.8136989744962498,0.42257555957051335,1.2362745340667631
s-9_n-18_cn-4_cm-5.geojson,3,0.0016577673318407848,0.6822664080513053,0.8203229406234732,0.41797259508254797,1.2382955357060212
s-6_n-12_cn-8_cm-4.geojson,3,0.0013959065362459543,0.6979572543068102,0.6260685411171022,0.6163260454883059,1.2423945866054082
s-10_n-20_cn-4_cm-6.geojson,3,0.0017611659949494855,0.6766801937229467,0.8970264623030609,0.34735531487388666,1.2443817771769476
s-11_n-22_cn-8_cm-6.geojson,3,0.0017779577328889474,0.675846759641742,0.9094829621876238,0.3368195844868329,1.2463025466744568
s-8_n-16_cn-8_cm-5.geojson,3,0.0016109326864735935,0.6860164218288125,0.7855799166009906,0.4653778248404214,1.250957741441412
s-5_n-10_cn-8_cm-4.geojson,3,0.0012432634864798162,0.708314334237105,0.5128343935472565,0.7472534987849346,1.2600878923321912
s-12_n-24_cn-8_cm-6.geojson,3,0.0017829628467576956,0.6771241684195913,0.9131958715096401,0.35296775358740784,1.266163625097048
s-13_n-26_cn-4_cm-7.geojson,3,0.001864020221605193,0.6724338163015492,0.9733261084196599,0.2936753794807393,1.2670014879003992
s-5_n-10_cn-4_cm-4.geojson,3,0.0012506744939527474,0.7097262184511968,0.5183320504344637,0.7651016186937174,1.2834336691281811
s-4_n-8_cn-8_cm-5.geojson,3,0.0010727397987326292,0.7203824500657765,0.38633597483705356,0.8998107525833733,1.2861467274204268
s-4_n-8_cn-4_cm-4.geojson,3,0.0010684797855474125,0.7212383796194688,0.38317579844904665,0.9106308560701156,1.2938066545191622
s-10_n-20_cn-8_cm-6.geojson,3,0.0017544179940601381,0.6835874990612287,0.8920206390462768,0.43467296648707937,1.3266936055333562
s-4_n-8_cn-8_cm-6.geojson,3,0.0011033526368432558,0.7218275871163615,0.4090452867478241,0.9180792331755002,1.3271245199233244
s-13_n-26_cn-4_cm-8.geojson,3,0.0018999774328116708,0.6753147274415126,1.0,0.330093980212592,1.330093980212592
s-4_n-8_cn-4_cm-5.geojson,3,0.0010987972678434981,0.7231766462569145,0.4056660085799419,0.9351331594566417,1.3407991680365836
s-13_n-26_cn-8_cm-8.geojson,3,0.001897000006381012,0.6764850037402734,0.997791276154767,0.34488785034600566,1.3426791265007727
s-8_n-16_cn-4_cm-5.geojson,3,0.0016156028055072911,0.6930049042866808,0.7890443190001871,0.5537216646847491,1.3427659836849362
s-4_n-8_cn-8_cm-7.geojson,3,0.0011139004384944692,0.722695090820806,0.41686989016436243,0.9290456495315309,1.3459155396958933
s-9_n-18_cn-4_cm-6.geojson,3,0.0017169852866855855,0.6877146447706167,0.8642521902549108,0.4868456522972678,1.3510978425521787
s-4_n-8_cn-8_cm-8.geojson,3,0.0011158409063926878,0.7233521867730911,0.4183093741675848,0.9373522282374237,1.3556616024050085
s-4_n-8_cn-4_cm-6.geojson,3,0.0011246110196780153,0.7246082279044185,0.42481524720586933,0.9532302814790028,1.378045528684872
s-12_n-24_cn-4_cm-7.geojson,3,0.0018385706314592814,0.6831422313077089,0.9544470133636496,0.4290441817914105,1.3834911951550601
s-6_n-12_cn-8_cm-5.geojson,3,0.001477870125891822,0.7043353664030988,0.6868710291408534,0.696953981086725,1.3838250102275784
s-4_n-8_cn-4_cm-7.geojson,3,0.001135086230245223,0.7246277901099372,0.4325860008760148,0.9534775741296981,1.3860635750057129
s-10_n-20_cn-4_cm-7.geojson,3,0.0018080989180529283,0.6851788987102398,0.9318423910251457,0.4547904035083696,1.3866327945335153
s-5_n-10_cn-8_cm-5.geojson,3,0.0013118913316084706,0.7149415818335165,0.5637441176035068,0.8310308429788662,1.3947749605823732
s-7_n-14_cn-4_cm-5.geojson,3,0.0015486692722838755,0.7012157637652665,0.7393914747337541,0.6575179980280135,1.3969094727617675
s-5_n-10_cn-4_cm-5.geojson,3,0.0013119032987467662,0.7151490183615915,0.5637529951036997,0.8336531203508994,1.3974061154545991
s-6_n-12_cn-4_cm-5.geojson,3,0.0014776458147151656,0.7057241918339984,0.6867046299178426,0.7145106068890807,1.4012152368069235
s-7_n-14_cn-8_cm-5.geojson,3,0.0015450499217289453,0.7017709459589095,0.7367065567144152,0.6645362494288453,1.4012428061432605
s-12_n-24_cn-8_cm-7.geojson,3,0.0018295387043572565,0.6852556530996343,0.9477469207758922,0.4557606824673416,1.4035076032432339
s-4_n-8_cn-4_cm-8.geojson,3,0.0011378130142459463,0.7260864244958827,0.43460879236506095,0.9719166792373192,1.40652547160238
s-11_n-22_cn-4_cm-7.geojson,3,0.0018304039691963104,0.6868977056266844,0.9483887942619273,0.47651844015511496,1.4249072344170424
s-11_n-22_cn-8_cm-7.geojson,3,0.001826409327349281,0.6872895869043838,0.945425476475181,0.48147234782302184,1.4268978242982029
s-9_n-18_cn-8_cm-6.geojson,3,0.0017144627301663557,0.6946679062499452,0.8623808994389228,0.5747442514894168,1.4371251509283396
s-8_n-16_cn-8_cm-6.geojson,3,0.0016769137103382215,0.6971725977859566,0.834526167377187,0.6064069292239374,1.4409330966011242
s-10_n-20_cn-8_cm-7.geojson,3,0.001805488955389015,0.6918098018701379,0.9299062603078273,0.5386139589530464,1.4685202192608737
s-5_n-10_cn-4_cm-6.geojson,3,0.0013411298387352615,0.7193167564098601,0.5854339189786067,0.886338948049416,1.4717728670280228
s-8_n-16_cn-4_cm-6.geojson,3,0.00167811977896263,0.6996373748747846,0.8354208569998384,0.6375650345350876,1.4729858915349259
s-5_n-10_cn-8_cm-6.geojson,3,0.001351460163874798,0.7199344567600782,0.5930971932848191,0.8941475132336938,1.487244706518513
s-12_n-24_cn-8_cm-8.geojson,3,0.001868788395203712,0.691122928371273,0.9768632499647256,0.5299309519135552,1.506794201878281
s-7_n-14_cn-8_cm-6.geojson,3,0.00160569273477129,0.7068508481861389,0.7816927991382135,0.7287530620906431,1.5104458612288565
s-5_n-10_cn-4_cm-7.geojson,3,0.0013571237530405783,0.721474435599737,0.597298574824008,0.913614921901408,1.510913496725416
s-8_n-16_cn-8_cm-7.geojson,3,0.0017241881178308319,0.7000244934746108,0.8695954171235504,0.6424587355338361,1.5120541526573865
s-6_n-12_cn-8_cm-6.geojson,3,0.0015267677847685254,0.7117249077482025,0.7231444443375988,0.7903677459563603,1.5135121902939592
s-5_n-10_cn-4_cm-8.geojson,3,0.0013690646318485075,0.722125887234711,0.6061565951211801,0.9218501488270583,1.5280067439482385
s-12_n-24_cn-4_cm-8.geojson,3,0.001873832677587968,0.6926476950290748,0.9806052153981859,0.549206058094175,1.5298112734923608
s-9_n-18_cn-4_cm-7.geojson,3,0.0017654528129960627,0.6993661445136334,0.9002065231576816,0.63413631710882,1.5343428402665016
s-6_n-12_cn-4_cm-6.geojson,3,0.0015267460058922503,0.7135432280526007,0.7231282882630589,0.8133537659865864,1.5364820542496451
s-5_n-10_cn-8_cm-7.geojson,3,0.0013735499482031665,0.7226613434245923,0.6094839066154083,0.9286190369465763,1.5381029435619846
s-9_n-18_cn-8_cm-7.geojson,3,0.001764615710281644,0.6997996460644339,0.899585540987574,0.6396163611394186,1.5392019021269925
s-6_n-12_cn-4_cm-7.geojson,3,0.0015565520600927185,0.7120971746778247,0.7452391091945164,0.795073701821336,1.5403128110158524
s-6_n-12_cn-8_cm-7.geojson,3,0.0015552418225527238,0.7123827158417922,0.7442671446590684,0.7986833270884219,1.5429504717474902
s-10_n-20_cn-8_cm-8.geojson,3,0.0018471568421555042,0.6954825035381204,0.9608164632045132,0.5850418594176076,1.5458583226221208
s-10_n-20_cn-4_cm-8.geojson,3,0.0018496807241235287,0.6956689513648289,0.9626887372690974,0.587398811308288,1.5500875485773853
s-11_n-22_cn-4_cm-8.geojson,3,0.001867671005740148,0.6953764307992191,0.9760343445962595,0.5837009569951089,1.5597353015913684
s-7_n-14_cn-4_cm-6.geojson,3,0.0016066788554221821,0.7107110743902896,0.7824243262629393,0.7775515255050295,1.5599758517679687
s-5_n-10_cn-8_cm-8.geojson,3,0.0013850621517120774,0.7241070693040231,0.6180239256531522,0.9468949611291483,1.5649188867823005
s-6_n-12_cn-8_cm-8.geojson,3,0.0015734717060097445,0.7139956653444494,0.7577904941775427,0.8190731833124,1.5768636774899427
s-11_n-22_cn-8_cm-8.geojson,3,0.0018677853571244167,0.6971406518156619,0.97611917310002,0.6060030890912037,1.5821222621912239
s-8_n-16_cn-4_cm-7.geojson,3,0.0017234082859279942,0.7057691546439993,0.8690169197671304,0.7150789974244532,1.5840959171915836
s-6_n-12_cn-4_cm-8.geojson,3,0.0015758456584309794,0.7150434065297673,0.759551547033875,0.8323180444152304,1.5918695914491052
s-9_n-18_cn-4_cm-8.geojson,3,0.001799284073016739,0.7038699338671458,0.9253033349386589,0.691070286355793,1.616373621294452
s-7_n-14_cn-8_cm-7.geojson,3,0.0016451256261402305,0.7136423943625322,0.8109450307151986,0.8146073618359505,1.6255523925511493
s-9_n-18_cn-8_cm-8.geojson,3,0.0018010812735414722,0.7060269015446574,0.9266365398879967,0.7183372657322572,1.6449738056202539
s-7_n-14_cn-4_cm-7.geojson,3,0.0016439033482811853,0.7161437817678455,0.8100383167070959,0.8462282709039584,1.6562665876110543
s-8_n-16_cn-4_cm-8.geojson,3,0.0017560569119463411,0.7108425021211572,0.8932364262705591,0.7792129492085116,1.6724493754790708
s-8_n-16_cn-8_cm-8.geojson,3,0.0017586061646474847,0.7109716993233746,0.8951275209322314,0.7808461760227503,1.6759736969549817
s-7_n-14_cn-4_cm-8.geojson,3,0.0016691968480090002,0.7176862098271647,0.8288016202779119,0.8657266410101132,1.694528261288025
s-7_n-14_cn-8_cm-8.geojson,3,0.0016706870811967333,0.7190683697565882,0.8299071097512407,0.8831990058876635,1.7131061156389042
